STEP,STEPNAME,X,Y,Z,RADIUS
-1,reset,-136.66441,37.53165,-586.9116,8
0,*,-138.45747,35.915546,-570.24243,3
1,*,-141.42784,33.691498,-560.33624,3
2,*,-151.47836,37.437576,-568.195,3
3,*,-162.58374,40.284275,-570.8564,3
4,*,-173.87924,51.242798,-592.27386,8
