STEP,STEPNAME,X,Y,Z,RADIUS
-1,reset,137.93759,25.813856,10.798139,5
0,start,147.03827,28.71277,14.439235,5
1,end,154.37221,128.98734,-13.871035,5
