STEP,STEPNAME,X,Y,Z,RADIUS
-1,reset,-408.15756,204.59912,-305.22714,5
0,start,-395.63904,206.45801,-260.90952,15
1,*,-405.51657,206.41685,-177.49461,15
2,*,-320.4727,206.3604,-197.76663,15
3,*,-245.9361,206.22357,-382.83145,15
4,*,-163.11105,206.14519,-471.67102,15
5,*,-141.47653,207.6029,-317.5226,15
6,*,-109.838196,206.35017,-423.44492,15
7,*,-225.20502,206.3862,-433.68002,15
8,*,-208.20752,206.29224,-486.71866,15
9,*,-315.4367,206.90782,-550.39,15
10,end,-382.8712,206.47311,-365.82004,15
