STEP,STEPNAME,X,Y,Z,RADIUS
-1,reset,-293.9475,172.10612,-319.67358,4
0,start,-262.38165,173.65395,-262.57224,15
1,*,-93.67772,173.48595,-260.4578,15
2,*,-189.90535,173.3014,-373.84534,15
3,*,-75.11366,173.09474,-428.59143,15
4,*,51.7407,172.94443,-49.471924,15
5,*,48.905365,172.81287,-213.75893,15
6,*,-33.721485,172.73766,-461.33658,15
7,end,-322.81216,173.69154,-328.58215,15
