STEP,STEPNAME,X,Y,Z,RADIUS
-1,reset,261.70538,35.72587,-59.490635,15
0,start,241.68541,21.559755,-125.37121,15
1,*,-5.7246995,80.48109,-242.01596,15
2,*,-75.52836,48.116947,-86.601326,15
3,*,-28.399244,59.339157,-12.004525,15
4,*,73.773094,52.456074,-35.247177,15
5,*,199.74744,27.030222,29.30527,15
6,*,333.58212,31.937904,96.81158,15
7,*,324.8637,36.481956,-15.7744055,15
8,end,253.36218,26.54821,-98.40398,15
