STEP,STEPNAME,X,Y,Z,RADIUS
-1,reset,166.54507,116.17848,240.44029,15
0,*,61.726536,118.32366,225.7952,15
1,*,82.10703,114.67431,241.39612,15
2,*,106.61235,113.7991,240.92851,15
3,*,145.0641,114.761734,245.57805,15
4,*,183.0714,116.92169,255.3521,15
5,*,200.40727,117.51117,262.43863,15
